powerful	engines	2
powerful	arms	2
powerful	weapon	1
powerful	victory	1
powerful	union	1
powerful	transmitter	1
powerful	streams	1
powerful	sources	1
powerful	societies	1
powerful	sense	1
powerful	representative	1
powerful	opposition	1
powerful	nations	1
powerful	nation	1
powerful	music	1
powerful	mirror	1
powerful	microphone	1
powerful	man	1
powerful	jab	1
powerful	introject	1
powerful	influence	1
powerful	indictment	1
powerful	glasses	1
powerful	force	1
powerful	factor	1
powerful	efforts	1
powerful	divine	1
powerful	congressmen	1
powerful	civilizations	1
powerful	bulwark	1
powerful	bond	1
powerful	body	1
powerful	aid	1
powerful	act	1
powerful	Orwell	1
